{"count":1,"gauges":{"RollerBallBrain.CumulativeReward":{"count":96,"max":49.9921875,"min":-36.9514961,"value":38.8554535,"weightedAverage":7.646799},"RollerBallBrain1.CumulativeReward":{"count":96,"max":54.09617,"min":-36.9385,"value":-34.0610428,"weightedAverage":-1.18770671}},"self":13.1949072,"total":57.018388599999994,"children":{"AgentSendState":{"count":5917,"self":0.9358245,"total":24.0966585,"children":{"CollectObservations":{"count":37888,"self":0.3477418,"total":0.3477418,"children":null},"CollectDiscreteActionMasks":{"count":37888,"self":0.0813256,"total":0.0813256,"children":null},"AgentInfo.ToProto":{"count":37888,"self":0.3725326,"total":22.7317666,"children":{"GenerateSensorData":{"count":37888,"self":22.3592336,"total":22.359234,"children":null}}}}},"DecideAction":{"count":5917,"self":19.166147199999997,"total":19.166147199999997,"children":null},"AgentAct":{"count":5917,"self":0.5586799,"total":0.5596776,"children":{"AgentInfo.ToProto":{"count":192,"self":0.0009977,"total":0.0009977,"children":{"GenerateSensorData":{"count":192,"self":0,"total":0,"children":null}}}}}}}